panel,session,feature,model,mode,balanced_accuracy,perm_pvalue,best_h_m
prediction,PDI1_S2,xp,PSID,behavioral,0.5344,0.0099,
prediction,PDI1_S2,xp_1,PSID,behavioral,0.4918,0.7228,
prediction,PDI1_S2,xp_2,PSID,behavioral,0.5426,0.0198,
prediction,PDI1_S2,xp_with_dbs,PSID,behavioral,1.0000,0.0099,
prediction,PDI1_S4,xp,PSID,behavioral,0.5495,0.0099,
prediction,PDI1_S4,xp_1,PSID,behavioral,0.5219,0.1089,
prediction,PDI1_S4,xp_2,PSID,behavioral,0.5516,0.0099,
prediction,PDI1_S4,xp_with_dbs,PSID,behavioral,1.0000,0.0099,
prediction,PDI4_S2,xp,PSID,behavioral,0.5290,0.0297,
prediction,PDI4_S2,xp_1,PSID,behavioral,0.5009,0.6139,
prediction,PDI4_S2,xp_2,PSID,behavioral,0.5507,0.0198,
prediction,PDI4_S2,xp_with_dbs,PSID,behavioral,1.0000,0.0099,
prediction,PDI4_S3,xp,PSID,behavioral,0.4839,0.9406,
prediction,PDI4_S3,xp_1,PSID,behavioral,0.5000,0.5149,
prediction,PDI4_S3,xp_2,PSID,behavioral,0.4820,0.9307,
prediction,PDI4_S3,xp_with_dbs,PSID,behavioral,1.0000,0.0099,
prediction,PDI1_S2 (lap),xp,PSID,laplacian,0.5643,0.0099,
prediction,PDI1_S2 (lap),xp_1,PSID,laplacian,0.5181,0.1287,
prediction,PDI1_S2 (lap),xp_2,PSID,laplacian,0.5797,0.0099,
prediction,PDI1_S2 (lap),xp_with_dbs,PSID,laplacian,1.0000,0.0099,
prediction,PDI1_S4 (lap),xp,PSID,laplacian,0.5582,0.0099,
prediction,PDI1_S4 (lap),xp_1,PSID,laplacian,0.4996,0.5842,
prediction,PDI1_S4 (lap),xp_2,PSID,laplacian,0.5720,0.0099,
prediction,PDI1_S4 (lap),xp_with_dbs,PSID,laplacian,1.0000,0.0099,
prediction,PDI4_S2 (lap),xp,PSID,laplacian,0.5353,0.0198,
prediction,PDI4_S2 (lap),xp_1,PSID,laplacian,0.5389,0.0099,
prediction,PDI4_S2 (lap),xp_2,PSID,laplacian,0.5634,0.0099,
prediction,PDI4_S2 (lap),xp_with_dbs,PSID,laplacian,1.0000,0.0099,
prediction,PDI4_S3 (lap),xp,PSID,laplacian,0.5000,0.5545,
prediction,PDI4_S3 (lap),xp_1,PSID,laplacian,0.5000,0.5644,
prediction,PDI4_S3 (lap),xp_2,PSID,laplacian,0.5302,0.0099,
prediction,PDI4_S3 (lap),xp_with_dbs,PSID,laplacian,1.0000,0.0099,
prediction,PDI1_S2,xp,DPAD,behavioral,0.5453,0.0099,
prediction,PDI1_S2,xp_1,DPAD,behavioral,0.5408,0.0099,
prediction,PDI1_S2,xp_2,DPAD,behavioral,0.5399,0.0198,
prediction,PDI1_S2,xp_with_dbs,DPAD,behavioral,1.0000,0.0099,
prediction,PDI1_S4,xp,DPAD,behavioral,,,
prediction,PDI1_S4,xp_1,DPAD,behavioral,,,
prediction,PDI1_S4,xp_2,DPAD,behavioral,,,
prediction,PDI1_S4,xp_with_dbs,DPAD,behavioral,,,
prediction,PDI4_S2,xp,DPAD,behavioral,,,
prediction,PDI4_S2,xp_1,DPAD,behavioral,,,
prediction,PDI4_S2,xp_2,DPAD,behavioral,,,
prediction,PDI4_S2,xp_with_dbs,DPAD,behavioral,,,
prediction,PDI4_S3,xp,DPAD,behavioral,,,
prediction,PDI4_S3,xp_1,DPAD,behavioral,,,
prediction,PDI4_S3,xp_2,DPAD,behavioral,,,
prediction,PDI4_S3,xp_with_dbs,DPAD,behavioral,,,
prediction,PDI1_S2 (lap),xp,DPAD,laplacian,0.5344,0.0198,
prediction,PDI1_S2 (lap),xp_1,DPAD,laplacian,0.5353,0.0099,
prediction,PDI1_S2 (lap),xp_2,DPAD,laplacian,0.5462,0.0198,
prediction,PDI1_S2 (lap),xp_with_dbs,DPAD,laplacian,,,
prediction,PDI1_S4 (lap),xp,DPAD,laplacian,,,
prediction,PDI1_S4 (lap),xp_1,DPAD,laplacian,,,
prediction,PDI1_S4 (lap),xp_2,DPAD,laplacian,,,
prediction,PDI1_S4 (lap),xp_with_dbs,DPAD,laplacian,,,
prediction,PDI4_S2 (lap),xp,DPAD,laplacian,,,
prediction,PDI4_S2 (lap),xp_1,DPAD,laplacian,,,
prediction,PDI4_S2 (lap),xp_2,DPAD,laplacian,,,
prediction,PDI4_S2 (lap),xp_with_dbs,DPAD,laplacian,,,
prediction,PDI4_S3 (lap),xp,DPAD,laplacian,,,
prediction,PDI4_S3 (lap),xp_1,DPAD,laplacian,,,
prediction,PDI4_S3 (lap),xp_2,DPAD,laplacian,,,
prediction,PDI4_S3 (lap),xp_with_dbs,DPAD,laplacian,,,
forecast,PDI1_S2,xp,PSID,behavioral,0.5625,0.3267,h2.0_m0.5
forecast,PDI1_S2,xp_1,PSID,behavioral,0.5833,0.1386,h3.0_m0.5
forecast,PDI1_S2,xp_2,PSID,behavioral,0.5208,0.5347,h1.0_m0.5
forecast,PDI1_S2,xp_with_dbs,PSID,behavioral,1.0000,0.0099,h1.0_m0.5
forecast,PDI1_S4,xp,PSID,behavioral,0.6000,0.0693,h3.0_m1.0
forecast,PDI1_S4,xp_1,PSID,behavioral,0.5857,0.2079,h1.0_m0.5
forecast,PDI1_S4,xp_2,PSID,behavioral,0.6000,0.0495,h3.0_m1.0
forecast,PDI1_S4,xp_with_dbs,PSID,behavioral,1.0000,0.0099,h1.0_m0.5
forecast,PDI4_S2,xp,PSID,behavioral,0.5208,0.5347,h2.0_m0.5
forecast,PDI4_S2,xp_1,PSID,behavioral,0.4583,0.8416,h1.0_m0.5
forecast,PDI4_S2,xp_2,PSID,behavioral,0.4792,0.7129,h3.0_m0.5
forecast,PDI4_S2,xp_with_dbs,PSID,behavioral,1.0000,0.0099,h1.0_m0.5
forecast,PDI4_S3,xp,PSID,behavioral,0.5652,0.2277,h3.0_m0.5
forecast,PDI4_S3,xp_1,PSID,behavioral,0.5109,0.5446,h2.0_m1.0
forecast,PDI4_S3,xp_2,PSID,behavioral,0.5435,0.3168,h3.0_m0.5
forecast,PDI4_S3,xp_with_dbs,PSID,behavioral,1.0000,0.0099,h1.0_m0.5
forecast,PDI1_S2 (lap),xp,PSID,laplacian,0.5208,0.5050,h2.0_m0.5
forecast,PDI1_S2 (lap),xp_1,PSID,laplacian,0.3646,1.0000,h3.0_m1.0
forecast,PDI1_S2 (lap),xp_2,PSID,laplacian,0.5833,0.1881,h3.0_m0.5
forecast,PDI1_S2 (lap),xp_with_dbs,PSID,laplacian,1.0000,0.0099,h1.0_m0.5
forecast,PDI1_S4 (lap),xp,PSID,laplacian,0.5857,0.0495,h3.0_m1.0
forecast,PDI1_S4 (lap),xp_1,PSID,laplacian,0.5952,0.0792,h3.0_m0.5
forecast,PDI1_S4 (lap),xp_2,PSID,laplacian,0.6167,0.0297,h1.0_m1.0
forecast,PDI1_S4 (lap),xp_with_dbs,PSID,laplacian,1.0000,0.0099,h1.0_m0.5
forecast,PDI4_S2 (lap),xp,PSID,laplacian,0.5417,0.3861,h3.0_m0.5
forecast,PDI4_S2 (lap),xp_1,PSID,laplacian,0.5729,0.1485,h2.0_m1.0
forecast,PDI4_S2 (lap),xp_2,PSID,laplacian,0.5417,0.3762,h3.0_m0.5
forecast,PDI4_S2 (lap),xp_with_dbs,PSID,laplacian,1.0000,0.0099,h1.0_m0.5
forecast,PDI4_S3 (lap),xp,PSID,laplacian,0.4674,0.9208,h1.0_m1.0
forecast,PDI4_S3 (lap),xp_1,PSID,laplacian,0.4674,0.9802,h1.0_m1.0
forecast,PDI4_S3 (lap),xp_2,PSID,laplacian,0.5543,0.1584,h3.0_m1.0
forecast,PDI4_S3 (lap),xp_with_dbs,PSID,laplacian,1.0000,0.0099,h1.0_m0.5
forecast,PDI1_S2,xp,DPAD,behavioral,0.6458,0.0297,h2.0_m0.5
forecast,PDI1_S2,xp_1,DPAD,behavioral,0.6042,0.1683,h2.0_m0.5
forecast,PDI1_S2,xp_2,DPAD,behavioral,0.6458,0.0594,h2.0_m0.5
forecast,PDI1_S2,xp_with_dbs,DPAD,behavioral,,,
forecast,PDI1_S4,xp,DPAD,behavioral,,,
forecast,PDI1_S4,xp_1,DPAD,behavioral,,,
forecast,PDI1_S4,xp_2,DPAD,behavioral,,,
forecast,PDI1_S4,xp_with_dbs,DPAD,behavioral,,,
forecast,PDI4_S2,xp,DPAD,behavioral,,,
forecast,PDI4_S2,xp_1,DPAD,behavioral,,,
forecast,PDI4_S2,xp_2,DPAD,behavioral,,,
forecast,PDI4_S2,xp_with_dbs,DPAD,behavioral,,,
forecast,PDI4_S3,xp,DPAD,behavioral,,,
forecast,PDI4_S3,xp_1,DPAD,behavioral,,,
forecast,PDI4_S3,xp_2,DPAD,behavioral,,,
forecast,PDI4_S3,xp_with_dbs,DPAD,behavioral,,,
forecast,PDI1_S2 (lap),xp,DPAD,laplacian,,,
forecast,PDI1_S2 (lap),xp_1,DPAD,laplacian,,,
forecast,PDI1_S2 (lap),xp_2,DPAD,laplacian,,,
forecast,PDI1_S2 (lap),xp_with_dbs,DPAD,laplacian,,,
forecast,PDI1_S4 (lap),xp,DPAD,laplacian,,,
forecast,PDI1_S4 (lap),xp_1,DPAD,laplacian,,,
forecast,PDI1_S4 (lap),xp_2,DPAD,laplacian,,,
forecast,PDI1_S4 (lap),xp_with_dbs,DPAD,laplacian,,,
forecast,PDI4_S2 (lap),xp,DPAD,laplacian,,,
forecast,PDI4_S2 (lap),xp_1,DPAD,laplacian,,,
forecast,PDI4_S2 (lap),xp_2,DPAD,laplacian,,,
forecast,PDI4_S2 (lap),xp_with_dbs,DPAD,laplacian,,,
forecast,PDI4_S3 (lap),xp,DPAD,laplacian,,,
forecast,PDI4_S3 (lap),xp_1,DPAD,laplacian,,,
forecast,PDI4_S3 (lap),xp_2,DPAD,laplacian,,,
forecast,PDI4_S3 (lap),xp_with_dbs,DPAD,laplacian,,,
