variant,target,session,metric,value
vanilla,beh_Z,PDI1_S2,rmse,1.0217754789936833
vanilla,beh_Z,PDI1_S2,pearson,0.043486612048106145
vanilla,beh_Z,PDI1_S2,vaf,0.002148522047090362
vanilla,beh_Z,PDI1_S4,rmse,1.0156921072869645
vanilla,beh_Z,PDI1_S4,pearson,0.006829884394417725
vanilla,beh_Z,PDI1_S4,vaf,0.00019316687788480807
vanilla,beh_Z,PDI4_S2,rmse,1.272864554265565
vanilla,beh_Z,PDI4_S2,pearson,-0.011653019616641178
vanilla,beh_Z,PDI4_S2,vaf,-0.002096690133478924
vanilla,beh_Z,PDI4_S3,rmse,1.2108133349749945
vanilla,beh_Z,PDI4_S3,pearson,0.011972933395822059
vanilla,beh_Z,PDI4_S3,vaf,-0.05012460150258402
vanilla,ecog_Y,PDI1_S2,rmse,0.7025410439391537
vanilla,ecog_Y,PDI1_S2,pearson,0.5936539294080184
vanilla,ecog_Y,PDI1_S2,vaf,0.45082828594895213
vanilla,ecog_Y,PDI1_S4,rmse,0.8410654888262885
vanilla,ecog_Y,PDI1_S4,pearson,0.4980339097576135
vanilla,ecog_Y,PDI1_S4,vaf,0.27908908314952924
vanilla,ecog_Y,PDI4_S2,rmse,0.618092898242805
vanilla,ecog_Y,PDI4_S2,pearson,0.7321212154081154
vanilla,ecog_Y,PDI4_S2,vaf,0.5699074886733035
vanilla,ecog_Y,PDI4_S3,rmse,721483.3977729444
vanilla,ecog_Y,PDI4_S3,pearson,0.00016063759258641414
vanilla,ecog_Y,PDI4_S3,vaf,-3279888430077.7344
vanilla,lap_Z,PDI1_S2,rmse,0.4408794802965429
vanilla,lap_Z,PDI1_S2,pearson,0.839571625495505
vanilla,lap_Z,PDI1_S2,vaf,0.7551887984415836
vanilla,lap_Z,PDI1_S4,rmse,0.5432761048259407
vanilla,lap_Z,PDI1_S4,pearson,0.7816351357358828
vanilla,lap_Z,PDI1_S4,vaf,0.6355467672027151
vanilla,lap_Z,PDI4_S2,rmse,0.48910161836641225
vanilla,lap_Z,PDI4_S2,pearson,0.8333368697346245
vanilla,lap_Z,PDI4_S2,vaf,0.7086801387221179
vanilla,lap_Z,PDI4_S3,rmse,0.5785028580576786
vanilla,lap_Z,PDI4_S3,pearson,0.7063731908144935
vanilla,lap_Z,PDI4_S3,vaf,0.5831959786766752
RTS,beh_Z,PDI1_S2,rmse,1.0219599689064798
RTS,beh_Z,PDI1_S2,pearson,0.042591458020450654
RTS,beh_Z,PDI1_S2,vaf,0.0018552741926055594
RTS,beh_Z,PDI1_S4,rmse,1.0156220615231375
RTS,beh_Z,PDI1_S4,pearson,0.017424458241682043
RTS,beh_Z,PDI1_S4,vaf,0.0005353424446477212
RTS,beh_Z,PDI4_S2,rmse,1.2776309436709654
RTS,beh_Z,PDI4_S2,pearson,-0.01032624413548041
RTS,beh_Z,PDI4_S2,vaf,-0.013327394231133565
RTS,beh_Z,PDI4_S3,rmse,1.2088935398768166
RTS,beh_Z,PDI4_S3,pearson,0.0019531313394383497
RTS,beh_Z,PDI4_S3,vaf,-0.052027451739247124
RTS,ecog_Y,PDI1_S2,rmse,0.5232204478026525
RTS,ecog_Y,PDI1_S2,pearson,0.743560675360672
RTS,ecog_Y,PDI1_S2,vaf,0.6296833194884648
RTS,ecog_Y,PDI1_S4,rmse,0.7121820836840876
RTS,ecog_Y,PDI1_S4,pearson,0.6829104516529252
RTS,ecog_Y,PDI1_S4,vaf,0.46585361686790244
RTS,ecog_Y,PDI4_S2,rmse,0.37162644030345526
RTS,ecog_Y,PDI4_S2,pearson,0.9402977989907364
RTS,ecog_Y,PDI4_S2,vaf,0.818413204641554
RTS,ecog_Y,PDI4_S3,rmse,0.4544358288044515
RTS,ecog_Y,PDI4_S3,pearson,0.8120138414611237
RTS,ecog_Y,PDI4_S3,vaf,0.7307296631776875
RTS,lap_Z,PDI1_S2,rmse,0.424424770191208
RTS,lap_Z,PDI1_S2,pearson,0.8654740454970751
RTS,lap_Z,PDI1_S2,vaf,0.7767757526501587
RTS,lap_Z,PDI1_S4,rmse,0.5325951322755536
RTS,lap_Z,PDI1_S4,pearson,0.8027780349493454
RTS,lap_Z,PDI1_S4,vaf,0.6670948937046354
RTS,lap_Z,PDI4_S2,rmse,1.0079816984450305
RTS,lap_Z,PDI4_S2,pearson,0.008139805120148513
RTS,lap_Z,PDI4_S2,vaf,-0.01771141573516259
RTS,lap_Z,PDI4_S3,rmse,1.0140205706342995
RTS,lap_Z,PDI4_S3,pearson,0.038613864102937295
RTS,lap_Z,PDI4_S3,vaf,-0.029205193451681585
FB,beh_Z,PDI1_S2,rmse,1.0287475494372682
FB,beh_Z,PDI1_S2,pearson,0.014597594757110031
FB,beh_Z,PDI1_S2,vaf,-0.011827455379392117
FB,beh_Z,PDI1_S4,rmse,1.0167206704685317
FB,beh_Z,PDI1_S4,pearson,0.006834343368515692
FB,beh_Z,PDI1_S4,vaf,-0.0018317800944884625
FB,beh_Z,PDI4_S2,rmse,1.2750652651086842
FB,beh_Z,PDI4_S2,pearson,-0.007605520796853401
FB,beh_Z,PDI4_S2,vaf,-0.012261087250688554
FB,beh_Z,PDI4_S3,rmse,1.236450238608369
FB,beh_Z,PDI4_S3,pearson,-0.004459599496356737
FB,beh_Z,PDI4_S3,vaf,-0.14291058604993043
FB,ecog_Y,PDI1_S2,rmse,0.5232204478026544
FB,ecog_Y,PDI1_S2,pearson,0.7435606753606705
FB,ecog_Y,PDI1_S2,vaf,0.6296833194884635
FB,ecog_Y,PDI1_S4,rmse,0.5934190062712628
FB,ecog_Y,PDI1_S4,pearson,0.7499687233716427
FB,ecog_Y,PDI1_S4,vaf,0.5872436044276685
FB,ecog_Y,PDI4_S2,rmse,0.423046471532928
FB,ecog_Y,PDI4_S2,pearson,0.8896108471719484
FB,ecog_Y,PDI4_S2,vaf,0.7490429710141588
FB,ecog_Y,PDI4_S3,rmse,0.4793478448159734
FB,ecog_Y,PDI4_S3,pearson,0.8050768873047901
FB,ecog_Y,PDI4_S3,vaf,0.6808895242077363
FB,lap_Z,PDI1_S2,rmse,0.1810903758868564
FB,lap_Z,PDI1_S2,pearson,0.9829269401990107
FB,lap_Z,PDI1_S2,vaf,0.9650986353106059
FB,lap_Z,PDI1_S4,rmse,0.2203429511830673
FB,lap_Z,PDI1_S4,pearson,0.9752681049289367
FB,lap_Z,PDI1_S4,vaf,0.9483052388037837
FB,lap_Z,PDI4_S2,rmse,1.012524774950685
FB,lap_Z,PDI4_S2,pearson,0.01453382652670966
FB,lap_Z,PDI4_S2,vaf,-0.029867560246786756
FB,lap_Z,PDI4_S3,rmse,1.033443688534063
FB,lap_Z,PDI4_S3,pearson,0.005252853998455723
FB,lap_Z,PDI4_S3,vaf,-0.07165976093369242
FB+A,beh_Z,PDI1_S2,rmse,1.0290393820758632
FB+A,beh_Z,PDI1_S2,pearson,0.015647645827058302
FB+A,beh_Z,PDI1_S2,vaf,-0.01248601942489189
FB+A,beh_Z,PDI1_S4,rmse,1.016121946144451
FB+A,beh_Z,PDI1_S4,pearson,0.006532630489054697
FB+A,beh_Z,PDI1_S4,vaf,-0.0005239853314325845
FB+A,beh_Z,PDI4_S2,rmse,1.2752900426365374
FB+A,beh_Z,PDI4_S2,pearson,-0.0077506528648551105
FB+A,beh_Z,PDI4_S2,vaf,-0.01296422196735187
FB+A,beh_Z,PDI4_S3,rmse,1.334575699284006
FB+A,beh_Z,PDI4_S3,pearson,-0.0047267706397176165
FB+A,beh_Z,PDI4_S3,vaf,-0.4822581065497658
FB+A,ecog_Y,PDI1_S2,rmse,0.523217863384986
FB+A,ecog_Y,PDI1_S2,pearson,0.7435598117008752
FB+A,ecog_Y,PDI1_S2,vaf,0.6296837531865208
FB+A,ecog_Y,PDI1_S4,rmse,0.7122615091069708
FB+A,ecog_Y,PDI1_S4,pearson,0.6827188739971286
FB+A,ecog_Y,PDI1_S4,vaf,0.4657118292934747
FB+A,ecog_Y,PDI4_S2,rmse,0.4230462088473949
FB+A,ecog_Y,PDI4_S2,pearson,0.889610861272485
FB+A,ecog_Y,PDI4_S2,vaf,0.7490430220683802
FB+A,ecog_Y,PDI4_S3,rmse,0.4544361213514248
FB+A,ecog_Y,PDI4_S3,pearson,0.8120146906581625
FB+A,ecog_Y,PDI4_S3,vaf,0.7307300713882263
FB+A,lap_Z,PDI1_S2,rmse,1.019563652275142
FB+A,lap_Z,PDI1_S2,pearson,-0.0021638191146271875
FB+A,lap_Z,PDI1_S2,vaf,-0.041030748103736865
FB+A,lap_Z,PDI1_S4,rmse,1.0009499704254385
FB+A,lap_Z,PDI1_S4,pearson,-0.0024666721692865753
FB+A,lap_Z,PDI1_S4,vaf,-0.001942578355388443
FB+A,lap_Z,PDI4_S2,rmse,1.012525301826994
FB+A,lap_Z,PDI4_S2,pearson,0.0145338398607032
FB+A,lap_Z,PDI4_S2,vaf,-0.02986908831269737
FB+A,lap_Z,PDI4_S3,rmse,1.033443688534063
FB+A,lap_Z,PDI4_S3,pearson,0.005252853998455723
FB+A,lap_Z,PDI4_S3,vaf,-0.07165976093369242
